Distributor,CLASS
Noor Communication ! GREATER NOIDA,A+/50
S.M TRADER (KASNA) ! GREATER NOIDA,A+/50
S N COMMUNICATION (HALDONI) ! GREATER NOIDA,A+/50
Jai Ambey Communication ! GREATER NOIDA,A+/50
KGAD MOBIWORLD ! GREATER NOIDA,A+/50
KANIKA COMMUNICATION (HABIBPUR) ! GREATER NOIDA,A1/32
SANCHAR BHAWAN (GREATER NOIDA) ! GREATER NOIDA,A1/32
SHREE BALAJI MOBILE CENTER (KASNA) ! GREATER NOIDA,A2/28
Shyam Lal & Sons ! GREATER NOIDA,A2/28
SHRIB SAHIB JI MOBILE SOLUTION-2 ! GREATER NOIDA,A2/28
AMBE SOFTWARE & HARDWARE REP CENTRE (DADRI) ! GREATER NOIDA,A2/28
Noble Mobile Shope ! GREATER NOIDA,A2/28
Royal mobile house and electronics ! GREATER NOIDA,A2/28
I Store ! GREATER NOIDA,A2/28
BRS ELECTRONICS (KASNA) ! GREATER NOIDA,B1/20
SHIV SHAKTI ELECTRONICS ! GREATER NOIDA,B1/20
Computer Wizard ! GREATER NOIDA,B1/20
BALAJI MOBILE & ELECTRONICS (DADRI) ! GREATER NOIDA,B1/20
KRISHNA TELECOM (GN) ! GREATER NOIDA,B1/20
SHREE BALAJI COMMUNICATION (SURAJPUR) ! GREATER NOIDA,B1/20
TOMAR ELECTRONICS ! GREATER NOIDA,B1/20
V.K Mobile Point (HALDONI) ! GREATER NOIDA,B1/20
KASHISH COMMUNICATION ! GREATER NOIDA,B2/18
NEW RADHEY ELECTRONICS & MOBILE CENTER ! GREATER NOIDA,B2/18
Balaji Traders/Greater Noida ! GREATER NOIDA,B2/18
Anuska mobile center 2 ! GREATER NOIDA,B2/18
Anupam telecom ! GREATER NOIDA,B2/18
Mobile World (noida) ! GREATER NOIDA,B2/18
PRIYANKA MOBILE WORLD (HALDONI) ! GREATER NOIDA,C1/14
NEW UNIVERSAL OFFICE SYSTEM ! GREATER NOIDA,C1/14
POOJA COMMUNICATION (G.NOIDA) ! GREATER NOIDA,C1/14
Tanish Telecom(Surajpur) ! GREATER NOIDA,C1/14
Sanjay Communication(Sec-93) ! GREATER NOIDA,C1/14
JAGDAMBA MOBILE HUB (JAGAT FARM) ! GREATER NOIDA,C2/8
OM COMMUNICATION ! GREATER NOIDA,C2/8
K G N COMMUNICATION ! GREATER NOIDA,D1/6
PANDEY COMMUNICATION ! GREATER NOIDA,D1/6
GOEL MOBILE & SAMARTH ELECTRONICS ! GREATER NOIDA,D1/6
ISHU COMMUNICATION ! GREATER NOIDA,D2/4
Prince Enterpirese ! GREATER NOIDA,D2/4
SONY ELECTRONICS (SURAJPUR) ! GREATER NOIDA,D2/4
STAR TELECOM CENTER(GEJHA) ! GREATER NOIDA,D2/4
A TO Z MOBILE ! GREATER NOIDA,D2/4
BANSIWALA STORES (GAMMA-2) ! GREATER NOIDA,D2/4
JAI AMBEY COMMUNICATION ENTERPRISES ! GREATER NOIDA,D2/4
SHREE RAM MOBILE GALLERY ! GREATER NOIDA,D2/4
VISHAL MOBILE HOUSE ! GREATER NOIDA,D2/4
BHOOMI MOBILE SOLUTION ! GREATER NOIDA,E/3
Famous Mobile Point ! GREATER NOIDA,E/3
M.R. COMMUNICATION (KASNA) ! GREATER NOIDA,E/3
MOBILE HOTSPOT ! GREATER NOIDA,E/3
RAHUL TELECOM (AICHER) ! GREATER NOIDA,E/3
SATNAM MOBILE STORE ! GREATER NOIDA,E/3
AMAN MOBILE STORE ! GREATER NOIDA,E/3
AVNI MOBILE SHOP (AICHER) ! GREATER NOIDA,E/3
L K MOBILE POINT ! GREATER NOIDA,E/3
PRAVEEN MOBILE CENTER -2 ! GREATER NOIDA,E/3
VAISHNAV TELECOM ( ANSAL PLAZA) ! GREATER NOIDA,E/3
ARISH MOBILE CENTER ! GREATER NOIDA,E/3
ATUL TELECOM CENTRE (KASNA) ! GREATER NOIDA,E/3
Dev Communication (AICHER) ! GREATER NOIDA,E/3
DEV ENTERPRISES. ! GREATER NOIDA,E/3
Fauji Telecom(DADRI) ! GREATER NOIDA,E/3
JRB TELECOM ! GREATER NOIDA,E/3
Keshav Mobile Point(Sec-32) ! GREATER NOIDA,E/3
M/S DIVINE COMMUNICATION ! GREATER NOIDA,E/3
MAHALAXMI MOBILE POINT ! GREATER NOIDA,E/3
MAHALAXMI MOBILE STORE ! GREATER NOIDA,E/3
MATRIX NETWORK MOBILE STORE ! GREATER NOIDA,E/3
MOBILE SHINGAR (DADRI) ! GREATER NOIDA,E/3
NEW RAJDEEP MOBILE POINT (SURAJPUR) ! GREATER NOIDA,E/3
PRAVEEN MOBILE CENTRE (SURJPUR) ! GREATER NOIDA,E/3
RAJA MOBILE REPAIRING CENTER ! GREATER NOIDA,E/3
Rajdeep Mobile Point ! GREATER NOIDA,E/3
RANA ENTERPRISES ! GREATER NOIDA,E/3
SHREE BABA COMMUNICATION (KASNA) ! GREATER NOIDA,E/3
Vikky Communication ! GREATER NOIDA,E/3
YASH SANCHAR WORLD ! GREATER NOIDA,E/3
R K TELECOM (TUGALPUR) ! GREATER NOIDA,E/3
Shiv telecom ! GREATER NOIDA,E/3
SHIV TRADERS (SURAJPUR) ! GREATER NOIDA,E/3
UNIVERSAL MOBILE CAFE ! GREATER NOIDA,E/3
SACHIN TELECOM AND MOBILE SHOP ! GREATER NOIDA,E/3
Ayush Communication ! GREATER NOIDA,E/3
Om Sai Communication( Greater Noida) ! GREATER NOIDA,E/3
Mobile Solution ! GREATER NOIDA,E/3
NEW LAVISH COMM & MOBILE WORLD (HABIBPUR) ! GREATER NOIDA,E/3
SHRI SAHIB JI MOBILE SOLUTION (DADRI) ! GREATER NOIDA,E/3
The Mobile Life ! GREATER NOIDA,E/3
SUSSHMA MOBILE POINT (TUGALPUR) ! GREATER NOIDA,E/3