Distributor,FOS
Ayush Communication ! GREATER NOIDA,AKASH
Balaji Traders/Greater Noida ! GREATER NOIDA,AKASH
DEV ENTERPRISES. ! GREATER NOIDA,AKASH
Famous Mobile Point ! GREATER NOIDA,AKASH
KANIKA COMMUNICATION (HABIBPUR) ! GREATER NOIDA,AKASH
NEW LAVISH COMM & MOBILE WORLD (HABIBPUR) ! GREATER NOIDA,AKASH
Om Sai Communication( Greater Noida) ! GREATER NOIDA,AKASH
Pandey Communication ! GREATER NOIDA,AKASH
PRIYANKA MOBILE WORLD (HALDONI) ! GREATER NOIDA,AKASH
S N COMMUNICATION (HALDONI) ! GREATER NOIDA,AKASH
Sanjay Communication(Sec-93) ! GREATER NOIDA,AKASH
STAR TELECOM CENTER(GEJHA) ! GREATER NOIDA,AKASH
SUSSHMA MOBILE POINT (TUGALPUR) ! GREATER NOIDA,AKASH
V.K Mobile Point (HALDONI) ! GREATER NOIDA,AKASH
R K TELECOM (TUGALPUR) ! GREATER NOIDA,AKASH
KASHISH COMMUNICATION ! GREATER NOIDA,AKASH
KGAD MOBIWORLD ! GREATER NOIDA,AKASH
SATNAM MOBILE STORE ! GREATER NOIDA,AKASH
TOMAR ELECTRONICS ! GREATER NOIDA,AKASH
K G N COMMUNICATION ! GREATER NOIDA,AKASH
OM COMMUNICATION ! GREATER NOIDA,AKASH
A TO Z MOBILE ! GREATER NOIDA,MUKESH
AMBE SOFTWARE & HARDWARE REP CENTRE (DADRI) ! GREATER NOIDA,MUKESH
BALAJI MOBILE & ELECTRONICS (DADRI) ! GREATER NOIDA,MUKESH
Fauji Telecom(DADRI) ! GREATER NOIDA,MUKESH
GOEL MOBILE & SAMARTH ELECTRONICS ! GREATER NOIDA,MUKESH
Jai Ambey Communication ! GREATER NOIDA,MUKESH
MAHALAXMI MOBILE POINT ! GREATER NOIDA,MUKESH
MATRIX NETWORK MOBILE STORE ! GREATER NOIDA,MUKESH
MOBILE SHINGAR (DADRI) ! GREATER NOIDA,MUKESH
NEW RADHEY ELECTRONICS & MOBILE CENTER ! GREATER NOIDA,MUKESH
RINKU MOBILE POINT ! GREATER NOIDA,MUKESH
SHIV TRADERS (SURAJPUR) ! GREATER NOIDA,MUKESH
SHRI SAHIB JI MOBILE SOLUTION (DADRI) ! GREATER NOIDA,MUKESH
SHRIB SAHIB JI MOBILE SOLUTION-2 ! GREATER NOIDA,MUKESH
Shyam Lal & Sons ! GREATER NOIDA,MUKESH
YASH SANCHAR WORLD ! GREATER NOIDA,MUKESH
SACHIN TELECOM AND MOBILE SHOP ! GREATER NOIDA,MUKESH
JAI AMBEY COMMUNICATION ENTERPRISES ! GREATER NOIDA,MUKESH
BHOOMI MOBILE SOLUTION ! GREATER NOIDA,MUKESH
SHREE RAM MOBILE GALLERY ! GREATER NOIDA,MUKESH
MAHALAXMI MOBILE STORE ! GREATER NOIDA,MUKESH
RANA ENTERPRISES ! GREATER NOIDA,MUKESH
Anuska mobile center 2 ! GREATER NOIDA,PRADEEP
ATUL TELECOM CENTRE (KASNA) ! GREATER NOIDA,PRADEEP
BANSIWALA STORES (GAMMA-2) ! GREATER NOIDA,PRADEEP
BRS ELECTRONICS (KASNA) ! GREATER NOIDA,PRADEEP
Keshav Mobile Point(Sec-32) ! GREATER NOIDA,PRADEEP
M.R. COMMUNICATION (KASNA) ! GREATER NOIDA,PRADEEP
RAHUL TELECOM (AICHER) ! GREATER NOIDA,PRADEEP
RAJA MOBILE REPAIRING CENTER ! GREATER NOIDA,PRADEEP
S.M TRADER (KASNA) ! GREATER NOIDA,PRADEEP
SANCHAR BHAWAN (GREATER NOIDA) ! GREATER NOIDA,PRADEEP
SHREE BABA COMMUNICATION (KASNA) ! GREATER NOIDA,PRADEEP
SHREE BALAJI MOBILE CENTER (KASNA) ! GREATER NOIDA,PRADEEP
KRISHNA TELECOM (GN) ! GREATER NOIDA,PRADEEP
POOJA COMMUNICATION (G.NOIDA) ! GREATER NOIDA,PRADEEP
AVNI MOBILE SHOP (AICHER) ! GREATER NOIDA,PRADEEP
Dev Communication (AICHER) ! GREATER NOIDA,PRADEEP
Prince Enterpirese ! GREATER NOIDA,PRADEEP
Shiv telecom ! GREATER NOIDA,PRADEEP
SHIV SHAKTI ELECTRONICS ! GREATER NOIDA,PRADEEP
MOBILE HOTSPOT ! GREATER NOIDA,PRADEEP
AMAN MOBILE STORE ! GREATER NOIDA,PRADEEP
M/S DIVINE COMMUNICATION ! GREATER NOIDA,PRADEEP
JRB TELECOM ! GREATER NOIDA,PRADEEP
L K MOBILE POINT ! GREATER NOIDA,PRADEEP
Computer Wizard ! GREATER NOIDA,VINOD
I Store ! GREATER NOIDA,VINOD
JAGDAMBA MOBILE HUB (JAGAT FARM) ! GREATER NOIDA,VINOD
NEW UNIVERSAL OFFICE SYSTEM ! GREATER NOIDA,VINOD
Noble Mobile Shope ! GREATER NOIDA,VINOD
VAISHNAV TELECOM ( ANSAL PLAZA) ! GREATER NOIDA,VINOD
Anupam telecom ! GREATER NOIDA,VINOD
PRAVEEN MOBILE CENTRE (SURJPUR) ! GREATER NOIDA,VINOD
Royal mobile house and electronics ! GREATER NOIDA,VINOD
Tanish Telecom(Surajpur) ! GREATER NOIDA,VINOD
ARISH MOBILE CENTER ! GREATER NOIDA,VINOD
Mobile Solution ! GREATER NOIDA,VINOD
Mobile World (noida) ! GREATER NOIDA,VINOD
NEW RAJDEEP MOBILE POINT (SURAJPUR) ! GREATER NOIDA,VINOD
Noor Communication ! GREATER NOIDA,VINOD
Rajdeep Mobile Point ! GREATER NOIDA,VINOD
SHREE BALAJI COMMUNICATION (SURAJPUR) ! GREATER NOIDA,VINOD
SONY ELECTRONICS (SURAJPUR) ! GREATER NOIDA,VINOD
The Mobile Life ! GREATER NOIDA,VINOD
UNIVERSAL MOBILE CAFE ! GREATER NOIDA,VINOD
Vikky Communication ! GREATER NOIDA,VINOD
ISHU COMMUNICATION ! GREATER NOIDA,VINOD
PRAVEEN MOBILE CENTER -2 ! GREATER NOIDA,VINOD
VISHAL MOBILE HOUSE ! GREATER NOIDA,VINOD
PANDEY COMMUNICATION ! GREATER NOIDA,AKASH