Tally,Portal
A TO Z MOBILE SOLUTION (DADRI) (OPPO),A TO Z MOBILE ! GREATER NOIDA
AMAN MOBILE STORE (TUGALPUR) (OPPO),AMAN MOBILE STORE ! GREATER NOIDA
AMBE SOFTWARE & HARDWARE REP CENTRE (DADRI) (OPPO),AMBE SOFTWARE & HARDWARE REP CENTRE (DADRI) ! GREATER NOIDA
ANUPAM TELECOM (OPPO),Anupam telecom ! GREATER NOIDA
ANUSHKA MOBILE CENTRE (OPPO),Anuska mobile center 2 ! GREATER NOIDA
ARISH MOBILE CENTRE (OPPO),ARISH MOBILE CENTER ! GREATER NOIDA
ATUL TELECOM CENTRE (KASNA) (OPPO),ATUL TELECOM CENTRE (KASNA) ! GREATER NOIDA
AVNI MOBILE SHOP (AICHAR) (OPPO),AVNI MOBILE SHOP (AICHER) ! GREATER NOIDA
AYUSH COMMUNICATION (OPPO),Ayush Communication ! GREATER NOIDA
BALAJI MOBILE ZONE (DADRI) (OPPO),BALAJI MOBILE & ELECTRONICS (DADRI) ! GREATER NOIDA
BALAJI TRADERS (GREATER NOIDA) (OPPO),Balaji Traders/Greater Noida ! GREATER NOIDA
BANSIWALA STORES (GAMMA-2) (OPPO),BANSIWALA STORES (GAMMA-2) ! GREATER NOIDA
BHOOMI MOBILE SOLUTION (DADRI) (OPPO),BHOOMI MOBILE SOLUTION ! GREATER NOIDA
BRS ELECTRONICS (KASNA) (OPPO),BRS ELECTRONICS (KASNA) ! GREATER NOIDA
COMPUTER WIZARD (OPPO),Computer Wizard ! GREATER NOIDA
DEV COMMUNICATION (AICHER) (OPPO),Dev Communication (AICHER) ! GREATER NOIDA
DEV ENTERPRISES (OPPO),DEV ENTERPRISES. ! GREATER NOIDA
FAMOUS MOBILE POINT (HALDONI) (OPPO),Famous Mobile Point ! GREATER NOIDA
FAUJI TELECOM (DADRI) (OPPO),Fauji Telecom(DADRI) ! GREATER NOIDA
GOEL MOBILE & SAMARTH ELECTRONICS (OPPO),GOEL MOBILE & SAMARTH ELECTRONICS ! GREATER NOIDA
I STOR (OPPO),I Store ! GREATER NOIDA
ISHU COMMUNICATION (SURAJPUR) (OPPO),ISHU COMMUNICATION ! GREATER NOIDA
JAGDAMBA MOBILE HUB (JAGAT FARM) (OPPO),JAGDAMBA MOBILE HUB (JAGAT FARM) ! GREATER NOIDA
JAI AMBEY COMMUNICATION (OPPO),Jai Ambey Communication ! GREATER NOIDA
JAI AMBEY COMMUNICATION ENTERPRISES (DADRI) (OPPO),JAI AMBEY COMMUNICATION ENTERPRISES ! GREATER NOIDA
JRB TELECOM (KASNA) (OPPO),JRB TELECOM ! GREATER NOIDA
K G N COMMUNICATION (NAYA GAON) (OPPO),K G N COMMUNICATION ! GREATER NOIDA
KANIKA COMMUNICATION (HABIBPUR) (OPPO),KANIKA COMMUNICATION (HABIBPUR) ! GREATER NOIDA
KASHISH COMMUNICATION (KULESHRA) (OPPO),KASHISH COMMUNICATION ! GREATER NOIDA
KESHAV MOBILE POINT REPAIRING CENTR (SEC-32) (OPPO),Keshav Mobile Point(Sec-32) ! GREATER NOIDA
KGAD MOBIWORLD (GEJHA) (OPPO),KGAD MOBIWORLD ! GREATER NOIDA
KRISHNA TELECOM (GN) (OPPO),KRISHNA TELECOM (GN) ! GREATER NOIDA
L.K MOBILE POINT (KASNA) (OPPO),L K MOBILE POINT ! GREATER NOIDA
M.R COMMUNICATION (KASNA) (OPPO),M.R. COMMUNICATION (KASNA) ! GREATER NOIDA
DIVINE COMMUNICATION (ALPHA) (OPPO),M/S DIVINE COMMUNICATION ! GREATER NOIDA
MAHALAXMI MOBILE POINT (DADRI) (OPPO),MAHALAXMI MOBILE POINT ! GREATER NOIDA
MAHALAXMI MOBILE STORE (DADRI) (OPPO),MAHALAXMI MOBILE STORE ! GREATER NOIDA
MATRIX NETWORK (SURAJPUR) (OPPO),MATRIX NETWORK MOBILE STORE ! GREATER NOIDA
MOBILE HOTSPOT (AICHAR) (OPPO),MOBILE HOTSPOT ! GREATER NOIDA
MOBILE SHINGAR (DADRI) (OPPO),MOBILE SHINGAR (DADRI) ! GREATER NOIDA
MOBILE SOLUTION (OPPO),Mobile Solution ! GREATER NOIDA
MOBILE WORLD (ANSAL PLAZA) (OPPO),Mobile World (noida) ! GREATER NOIDA
NEW LAVISH COMM & MOBILE WORLD (HABIBPUR) (OPPO),NEW LAVISH COMM & MOBILE WORLD (HABIBPUR) ! GREATER NOIDA
NEW RADHEY ELECTRONICS & MOBILE CNTR (DEVLA) (OPPO),NEW RADHEY ELECTRONICS & MOBILE CENTER ! GREATER NOIDA
NEW RAJDEEP MOBILE POINT (SURAJPUR) (OPPO),NEW RAJDEEP MOBILE POINT (SURAJPUR) ! GREATER NOIDA
NEW UNIVERSAL OFFICE SYSTEM (OPPO),NEW UNIVERSAL OFFICE SYSTEM ! GREATER NOIDA
NOBEL MOBILE SHOPEE (OPPO),Noble Mobile Shope ! GREATER NOIDA
NOOR COMMUNICATION (OPPO),Noor Communication ! GREATER NOIDA
OM COMMUNICATIONS (KULESARA) (OPPO),OM COMMUNICATION ! GREATER NOIDA
OM SAI COMMUNICATION (GREATER NOIDA) (OPPO),Om Sai Communication( Greater Noida) ! GREATER NOIDA
PANDEY COMMUNICATION (OPPO),PANDEY COMMUNICATION ! GREATER NOIDA
POOJA TELECOM (RAMPUR) (OPPO),POOJA COMMUNICATION (G.NOIDA) ! GREATER NOIDA
PRAVEEN MOBILE CENTER-2 (SURAJPUR) (OPPO),PRAVEEN MOBILE CENTER -2 ! GREATER NOIDA
PRAVEEN MOBILE CENTRE (SURAJPUR) (OPPO),PRAVEEN MOBILE CENTRE (SURJPUR) ! GREATER NOIDA
PRINCE ENTERPRISES (GHORI) (OPPO),Prince Enterpirese ! GREATER NOIDA
PRIYANKA MOBILE WORLD (HALDONI) (OPPO),PRIYANKA MOBILE WORLD (HALDONI) ! GREATER NOIDA
R K TELECOM (TUGALPUR) (NEW) (OPPO),R K TELECOM (TUGALPUR) ! GREATER NOIDA
RAHUL TELECOM (AICHER) (OPPO),RAHUL TELECOM (AICHER) ! GREATER NOIDA
RAJDEEP MOBILE POINT (OPPO),Rajdeep Mobile Point ! GREATER NOIDA
RANA ENTERPRISES (DADRI) (OPPO),RANA ENTERPRISES ! GREATER NOIDA
ROYAL MOBILE HOUSE & ELECTRONICS (SURAJPUR) (OPPO),Royal mobile house and electronics ! GREATER NOIDA
S N COMMUNICATION (HALDONI) (OPPO),S N COMMUNICATION (HALDONI) ! GREATER NOIDA
S.M TRADERS (KASNA) (OPPO),S.M TRADER (KASNA) ! GREATER NOIDA
SACHIN TELECOM & MOBILE SHOP (DEVLA) (OPPO),SACHIN TELECOM AND MOBILE SHOP ! GREATER NOIDA
SANCHAR BHAWAN (GREATER NOIDA) (OPPO),SANCHAR BHAWAN (GREATER NOIDA) ! GREATER NOIDA
SANJAY COMMUNICATION (SEC-93) (OPPO),Sanjay Communication(Sec-93) ! GREATER NOIDA
SATNAM MOBILE STORE (HALDAUNI) (OPPO),SATNAM MOBILE STORE ! GREATER NOIDA
SHIV SHAKTI ELECTRONICS (KASNA) (OPPO),SHIV SHAKTI ELECTRONICS ! GREATER NOIDA
SHIV TRADERS (SURAJPUR) (OPPO),SHIV TRADERS (SURAJPUR) ! GREATER NOIDA
SHREE BABA COMMUNICATION (KASNA) (NEW) (OPPO),SHREE BABA COMMUNICATION (KASNA) ! GREATER NOIDA
SHREE BALAJI COMMUNICATION (SURAJPUR) (OPPO),SHREE BALAJI COMMUNICATION (SURAJPUR) ! GREATER NOIDA
SHREE BALAJI MOBILE CENTRE (KASNA) (OPPO),SHREE BALAJI MOBILE CENTER (KASNA) ! GREATER NOIDA
SHREE RAM MOBILE GALLERY (DADRI) (OPPO),SHREE RAM MOBILE GALLERY ! GREATER NOIDA
SHRI SAHIB JI MOBILE SOLUTION (DADRI) (OPPO),SHRI SAHIB JI MOBILE SOLUTION (DADRI) ! GREATER NOIDA
SHRI SAHIB JI MOBILE SOLUTION-2 (DADRI) (OPPO),SHRIB SAHIB JI MOBILE SOLUTION-2 ! GREATER NOIDA
SHYAM LAL & SONS (OPPO),Shyam Lal & Sons ! GREATER NOIDA
SONY ELECTRONICS (SURAJPUR)(OPPO),SONY ELECTRONICS (SURAJPUR) ! GREATER NOIDA
STAR TELCOM CENTER (GEJHA) (OPPO),STAR TELECOM CENTER(GEJHA) ! GREATER NOIDA
SUSSHMA MOBILE POINT (TUGALPUR) (OPPO),SUSSHMA MOBILE POINT (TUGALPUR) ! GREATER NOIDA
TANISH TELECOM (SURAJPUR) (OPPO),Tanish Telecom(Surajpur) ! GREATER NOIDA
THE MOBILE LIFE (ANSAL PLAZA) (OPPO),The Mobile Life ! GREATER NOIDA
TOMAR ELECTRONICS (SEC-141) (OPPO),TOMAR ELECTRONICS ! GREATER NOIDA
UNIVERSHAL MOBILE CAFE (ANSAL PLAZA) (OPPO),UNIVERSAL MOBILE CAFE ! GREATER NOIDA
V.K MOBILE POINT (HALDONI) (OPPO),V.K Mobile Point (HALDONI) ! GREATER NOIDA
VAISHNAV TELECOM (ANSAL PLAZA) (OPPO),VAISHNAV TELECOM ( ANSAL PLAZA) ! GREATER NOIDA
VIKKY COMMUNICATION (SURAJPUR) (OPPO),Vikky Communication ! GREATER NOIDA
VISHAL MOBILE HOUSE (JAGAT FARM) (OPPO),VISHAL MOBILE HOUSE ! GREATER NOIDA
YASH SANCHAR WORLD (DADRI) (OPPO),YASH SANCHAR WORLD ! GREATER NOIDA
RAJA MOBILE & REPAIR CENTRE (KASNA) (OPPO),RAJA MOBILE REPAIRING CENTER ! GREATER NOIDA
RINKU MOBILE POINT (DADRI) (OPPO),RINKU MOBILE POINT ! GREATER NOIDA